client_id,nom,ville,age,metier,revenu_mensuel_fcfa,anciennete_mobile_money_mois,operateur_principal
1,Alexandre Traore,Oyem,32,Chauffeur de taxi,114370,18,gimac
2,Gérard-Frédéric Joly,Libreville,23,Couturier(ère),110639,3,airtel
3,Yves Traore,Mouila,32,Restaurateur(trice),99276,13,gimac
4,Aurore Maury-Briand,Lambaréné,35,Chauffeur de taxi,135538,28,airtel
5,Alexandre Morin,Mouila,24,Coiffeur(se),200665,6,moov
6,Gabriel de Guilbert,Tchibanga,52,Artisan(e),171710,47,moov
7,Victor du Vasseur,Lambaréné,54,Couturier(ère),53456,41,gimac
8,Laurence Robert,Lambaréné,28,Coiffeur(se),78767,54,moov
9,Marcel Leblanc,Port-Gentil,56,Chauffeur de taxi,65649,60,gimac
10,Denis-Franck Ledoux,Moanda,58,Agriculteur(trice),130863,25,airtel
11,Caroline Morin,Libreville,32,Commerçant(e),330783,50,moov
12,Brigitte Pelletier,Lambaréné,31,Restaurateur(trice),88526,59,moov
13,Julie Bertrand,Moanda,26,Couturier(ère),299142,10,gimac
14,Chantal Hoareau,Mouila,55,Mécanicien(ne),107546,38,moov
15,Robert Cousin,Port-Gentil,27,Chauffeur de taxi,99786,4,gimac
16,Maryse Verdier de la Fischer,Tchibanga,51,Vendeur(se) au marché,90621,25,gimac
17,Alphonse Peltier,Moanda,59,Coiffeur(se),201549,35,airtel
18,William Chevalier-Rey,Moanda,50,Chauffeur de taxi,76688,1,gimac
19,Laurent Lopes,Oyem,27,Coiffeur(se),55569,39,airtel
20,Mathilde Goncalves,Libreville,56,Coiffeur(se),118551,34,moov
21,Marthe Lacroix,Port-Gentil,23,Restaurateur(trice),79992,57,airtel
22,Zacharie-Tristan Guérin,Franceville,34,Agriculteur(trice),31820,36,gimac
23,Denise Joubert de la Goncalves,Oyem,63,Vendeur(se) au marché,89288,35,moov
24,Monique Dupuy,Oyem,32,Artisan(e),86502,8,moov
25,Geneviève Pottier-Germain,Libreville,32,Artisan(e),108195,46,airtel
26,Gabriel David,Franceville,64,Petit éleveur,43709,14,gimac
27,Noémi Royer,Mouila,30,Artisan(e),86629,52,airtel
28,Franck Duhamel,Tchibanga,64,Commerçant(e),127189,27,gimac
29,Frédérique Bègue,Mouila,64,Coiffeur(se),154264,4,airtel
30,Nicole Weiss,Franceville,45,Chauffeur de taxi,71719,29,moov
31,Claire Aubry,Tchibanga,53,Artisan(e),72658,5,airtel
32,Gérard Vallet,Port-Gentil,33,Chauffeur de taxi,138812,1,moov
33,Julie Letellier-Mary,Libreville,28,Mécanicien(ne),96877,26,airtel
34,Noémi Étienne,Tchibanga,27,Couturier(ère),168808,28,moov
35,Daniel Grégoire-Teixeira,Libreville,21,Petit éleveur,127822,21,moov
36,André Masson,Libreville,50,Artisan(e),100701,11,airtel
37,Thomas Leroux,Oyem,55,Petit éleveur,184359,57,airtel
38,Anouk Collin,Lambaréné,34,Couturier(ère),121976,38,gimac
39,Suzanne Evrard,Franceville,60,Vendeur(se) au marché,132229,26,moov
40,Robert-Aimé Bazin,Libreville,47,Petit éleveur,46049,5,gimac
41,Zacharie Regnier,Lambaréné,22,Couturier(ère),66051,60,moov
42,Tristan-Jean Marie,Moanda,57,Agriculteur(trice),66574,35,airtel
43,Martin Barbier du Bernard,Port-Gentil,26,Vendeur(se) au marché,145500,60,airtel
44,Philippe-Emmanuel Guillou,Lambaréné,31,Vendeur(se) au marché,60247,14,gimac
45,Thomas Léger,Libreville,23,Mécanicien(ne),87142,55,moov
46,Élodie de la Besson,Moanda,28,Restaurateur(trice),48817,9,gimac
47,Richard Merle,Port-Gentil,62,Chauffeur de taxi,159871,8,gimac
48,Adélaïde Le Camus,Franceville,45,Chauffeur de taxi,46299,36,airtel
49,Bertrand Étienne,Port-Gentil,40,Agriculteur(trice),166013,16,moov
50,Georges Boyer de la Duhamel,Franceville,44,Commerçant(e),175286,11,airtel
51,Augustin Foucher,Mouila,60,Couturier(ère),142147,60,moov
52,Antoinette Samson,Libreville,48,Couturier(ère),30506,25,airtel
53,Charlotte Rodriguez-Delmas,Oyem,32,Commerçant(e),180556,20,gimac
54,Danielle Aubry,Port-Gentil,35,Coiffeur(se),61683,56,gimac
55,Pauline de la Gimenez,Lambaréné,19,Artisan(e),101743,54,moov
56,Honoré du Leconte,Lambaréné,64,Coiffeur(se),75300,28,moov
57,Sabine Blondel,Oyem,34,Commerçant(e),123470,25,gimac
58,Célina Hoarau,Oyem,41,Mécanicien(ne),86068,52,airtel
59,Arthur Maillot-Lefebvre,Moanda,50,Vendeur(se) au marché,143859,8,gimac
60,Henriette-Geneviève Robert,Franceville,30,Mécanicien(ne),84306,19,gimac
61,Thomas Lopez,Mouila,53,Commerçant(e),290210,20,moov
62,Arthur David-Rémy,Lambaréné,47,Restaurateur(trice),67190,38,moov
63,Pierre Gomez,Franceville,60,Artisan(e),142888,51,moov
64,Xavier-Patrick Benoit,Port-Gentil,33,Vendeur(se) au marché,103087,22,airtel
65,Christelle Ramos-Masse,Oyem,48,Petit éleveur,142926,3,airtel
66,Thérèse-Jacqueline Reynaud,Oyem,63,Mécanicien(ne),65970,37,moov
67,Élisabeth Gauthier,Libreville,24,Mécanicien(ne),87450,45,airtel
68,Vincent Perret,Port-Gentil,47,Chauffeur de taxi,100655,16,moov
69,Pauline Bouchet,Tchibanga,57,Agriculteur(trice),705435,58,moov
70,Anastasie Maillet,Franceville,65,Restaurateur(trice),209520,58,moov
71,Antoine Antoine,Moanda,51,Restaurateur(trice),71020,41,gimac
72,Catherine Menard,Moanda,33,Vendeur(se) au marché,61134,46,moov
73,Étienne du Joly,Franceville,32,Mécanicien(ne),65936,9,gimac
74,Édith Lopes,Mouila,39,Agriculteur(trice),62652,27,moov
75,Jeanne Sanchez,Mouila,55,Commerçant(e),88494,27,gimac
76,Capucine Girard,Mouila,52,Agriculteur(trice),53159,55,gimac
77,Agathe Morin-Chrétien,Mouila,49,Commerçant(e),219720,18,moov
78,Émile Cordier-Vallée,Franceville,47,Chauffeur de taxi,58355,26,gimac
79,Frédérique Maréchal,Libreville,23,Mécanicien(ne),143974,38,airtel
80,Émile Gillet,Mouila,38,Couturier(ère),156602,17,moov
81,Léon Aubry,Moanda,44,Vendeur(se) au marché,46795,25,airtel
82,Louise Briand,Lambaréné,32,Artisan(e),87397,4,gimac
83,Véronique Meyer-Aubert,Franceville,33,Chauffeur de taxi,30000,40,moov
84,Franck Boyer de Letellier,Tchibanga,62,Vendeur(se) au marché,147271,14,moov
85,Andrée Girard,Port-Gentil,28,Vendeur(se) au marché,41330,48,airtel
86,Valentine-Camille Laporte,Mouila,43,Couturier(ère),308326,37,airtel
87,Antoine Grégoire,Port-Gentil,62,Vendeur(se) au marché,172735,16,gimac
88,Éric Muller,Libreville,40,Agriculteur(trice),111033,37,moov
89,Antoinette Parent de la Antoine,Lambaréné,18,Mécanicien(ne),118015,42,moov
90,Roland Hoarau,Franceville,45,Chauffeur de taxi,222959,46,gimac
91,Alice-Audrey Humbert,Tchibanga,47,Mécanicien(ne),105244,40,gimac
92,Margaux-Josette Martins,Port-Gentil,35,Restaurateur(trice),113601,16,airtel
93,Isabelle Aubry,Mouila,39,Commerçant(e),179758,43,moov
94,Christelle Leconte,Lambaréné,34,Coiffeur(se),153511,14,moov
95,Michel Gomes de Petit,Libreville,51,Couturier(ère),365882,18,airtel
96,Capucine Legrand,Oyem,62,Restaurateur(trice),63037,36,gimac
97,Frédérique Guillou-Aubry,Port-Gentil,36,Couturier(ère),146553,2,moov
98,Jérôme Muller,Lambaréné,48,Agriculteur(trice),131207,38,gimac
99,Julien Jacquet-Barbier,Moanda,37,Vendeur(se) au marché,106939,30,airtel
100,Madeleine Raymond,Franceville,30,Couturier(ère),60864,8,gimac
101,Adrienne Le Dupré,Moanda,24,Couturier(ère),93054,49,moov
102,Daniel Aubry,Franceville,35,Commerçant(e),70133,1,airtel
103,Bernard Bernier,Tchibanga,24,Commerçant(e),118363,9,gimac
104,Colette Maillard-Carre,Franceville,21,Vendeur(se) au marché,64483,22,moov
105,Françoise Wagner Le Martins,Libreville,27,Chauffeur de taxi,96752,44,gimac
106,Philippe-Patrick Deschamps,Oyem,51,Mécanicien(ne),54912,27,moov
107,Benjamin Couturier,Mouila,37,Petit éleveur,179588,38,gimac
108,Laure Bertrand,Franceville,33,Chauffeur de taxi,117676,6,gimac
109,Jacques Pires,Libreville,32,Vendeur(se) au marché,87079,19,gimac
110,Timothée Charles,Oyem,34,Petit éleveur,30000,5,gimac
111,Matthieu Courtois,Oyem,59,Chauffeur de taxi,145794,8,moov
112,Adrienne Marie,Moanda,46,Artisan(e),60075,48,moov
113,Denis Morvan,Tchibanga,46,Artisan(e),188488,18,gimac
114,Julien Guillon,Moanda,19,Artisan(e),42877,21,airtel
115,Claudine Perret-Rodriguez,Moanda,54,Commerçant(e),475825,49,airtel
116,Honoré Marchal,Moanda,29,Petit éleveur,90478,59,moov
117,Joseph Lacroix,Tchibanga,40,Mécanicien(ne),129696,6,moov
118,Xavier Henry-Monnier,Lambaréné,44,Restaurateur(trice),80361,11,moov
119,Odette Legendre-Bouvet,Libreville,47,Artisan(e),130499,49,moov
120,Georges Goncalves,Mouila,50,Commerçant(e),73992,50,gimac
121,Lucas Laurent,Oyem,51,Coiffeur(se),200116,4,gimac
122,Jacques Bouchet,Libreville,31,Vendeur(se) au marché,199718,49,gimac
123,Grégoire Leroux-Boutin,Tchibanga,25,Commerçant(e),57904,57,gimac
124,Laurent Morel,Moanda,53,Commerçant(e),114383,11,gimac
125,Geneviève Bourgeois,Port-Gentil,47,Artisan(e),87364,54,gimac
126,Marine Schneider,Moanda,50,Vendeur(se) au marché,195154,46,moov
127,Frédéric Laurent-Delmas,Oyem,56,Agriculteur(trice),54839,25,gimac
128,Luc Le Lopes,Lambaréné,50,Vendeur(se) au marché,32966,27,airtel
129,Guillaume Marty,Tchibanga,27,Restaurateur(trice),71777,38,gimac
130,Noémi Le Leroy,Mouila,47,Coiffeur(se),96360,49,airtel
131,Gilles Colin,Libreville,38,Restaurateur(trice),42761,27,gimac
132,Julie-Alex Nicolas,Franceville,49,Commerçant(e),196366,43,airtel
133,Renée Barre Le Nguyen,Port-Gentil,46,Artisan(e),99285,56,gimac
134,Dominique Ferreira du Verdier,Mouila,59,Artisan(e),146425,40,moov
135,Gilbert de Neveu,Tchibanga,52,Commerçant(e),82393,46,gimac
136,Adélaïde Dijoux,Port-Gentil,46,Chauffeur de taxi,154622,7,gimac
137,Élodie Marchal-Perret,Lambaréné,45,Chauffeur de taxi,81509,23,airtel
138,Xavier Rémy,Franceville,28,Chauffeur de taxi,106287,51,airtel
139,Margaux Dupré de Fouquet,Oyem,49,Petit éleveur,118483,44,airtel
140,Philippe Ruiz du Millet,Moanda,60,Commerçant(e),46106,30,moov
141,Lucie Lenoir,Moanda,58,Mécanicien(ne),52543,23,gimac
142,Étienne De Oliveira,Port-Gentil,33,Mécanicien(ne),59684,31,gimac
143,Diane Chauvet,Moanda,19,Mécanicien(ne),80323,45,moov
144,Madeleine-Océane Lévy,Lambaréné,32,Couturier(ère),142722,52,gimac
145,Henri Renault,Franceville,58,Artisan(e),34538,50,gimac
146,Martin Le Turpin,Libreville,55,Coiffeur(se),122757,29,gimac
147,Simone Parent,Franceville,52,Coiffeur(se),72754,13,gimac
148,Pierre du Guyon,Moanda,48,Vendeur(se) au marché,98966,11,gimac
149,Vincent Clément,Oyem,61,Mécanicien(ne),95296,49,gimac
150,Pierre Dupré Le Morin,Moanda,52,Artisan(e),51018,1,moov
151,Yves Ruiz-Jean,Mouila,58,Coiffeur(se),57587,17,airtel
152,David de Lambert,Lambaréné,57,Couturier(ère),138759,40,gimac
153,Noël Bourdon-Lecoq,Port-Gentil,26,Commerçant(e),180570,27,airtel
154,Michel Legros,Oyem,52,Chauffeur de taxi,66377,7,moov
155,Élise-Nathalie Costa,Mouila,55,Chauffeur de taxi,85407,48,moov
156,Jacqueline Caron,Mouila,35,Commerçant(e),257519,40,gimac
157,Bernard Merle,Lambaréné,24,Coiffeur(se),77697,16,gimac
158,Geneviève Schmitt,Mouila,35,Couturier(ère),316204,4,airtel
159,Susan de Pascal,Libreville,21,Coiffeur(se),57904,41,airtel
160,Charles Pineau-Lucas,Oyem,39,Chauffeur de taxi,112972,53,gimac
161,Margaud Faivre,Franceville,25,Commerçant(e),64836,17,airtel
162,Claude Launay,Moanda,21,Chauffeur de taxi,66243,12,gimac
163,Sophie Leroux-Bernier,Tchibanga,46,Coiffeur(se),90058,5,gimac
164,Stéphanie Poirier,Libreville,64,Agriculteur(trice),117704,15,moov
165,Timothée Baron-Gosselin,Tchibanga,43,Mécanicien(ne),30000,4,gimac
166,Véronique de la Paris,Franceville,22,Chauffeur de taxi,55453,21,moov
167,Astrid Delannoy,Lambaréné,42,Petit éleveur,134405,46,gimac
168,Georges Maillard Le Julien,Port-Gentil,62,Artisan(e),64410,28,gimac
169,Audrey Dos Santos-Fernandes,Oyem,45,Restaurateur(trice),193370,47,airtel
170,Léon Lemonnier-Brunet,Mouila,64,Artisan(e),59039,26,moov
171,Arthur du Cordier,Franceville,61,Restaurateur(trice),78818,24,airtel
172,Suzanne Legros,Franceville,53,Commerçant(e),75016,24,gimac
173,François De Oliveira,Port-Gentil,44,Coiffeur(se),288459,43,gimac
174,Aimée Salmon,Libreville,36,Petit éleveur,216825,59,moov
175,Monique-Valentine Robert,Franceville,60,Restaurateur(trice),68748,14,airtel
176,Lucy Chrétien,Lambaréné,25,Vendeur(se) au marché,171104,36,gimac
177,Paulette Tanguy,Libreville,56,Vendeur(se) au marché,60250,36,airtel
178,Geneviève Coulon-Vasseur,Lambaréné,40,Commerçant(e),32647,20,airtel
179,Martin-Patrick Leroy,Port-Gentil,27,Commerçant(e),237483,26,airtel
180,Maggie Laroche,Tchibanga,39,Chauffeur de taxi,136320,27,moov
181,Danielle Bigot,Port-Gentil,21,Chauffeur de taxi,74089,37,airtel
182,Thierry Joubert,Tchibanga,56,Restaurateur(trice),45552,28,moov
183,Louis Allain,Lambaréné,45,Artisan(e),38071,8,moov
184,Alexandrie-Aurélie Weiss,Moanda,20,Couturier(ère),154951,34,moov
185,Christiane Pinto,Lambaréné,25,Commerçant(e),317059,19,moov
186,André Bertin,Oyem,50,Agriculteur(trice),134382,25,gimac
187,Marguerite Lecomte,Mouila,63,Mécanicien(ne),237654,37,moov
188,Marguerite Marques,Tchibanga,62,Coiffeur(se),39821,40,airtel
189,Laurence Chrétien,Mouila,51,Artisan(e),91779,28,moov
190,Jeannine Faure,Port-Gentil,51,Agriculteur(trice),30000,5,airtel
191,Agnès Bouvet,Franceville,33,Artisan(e),187622,47,airtel
192,Anastasie Marty-Hubert,Port-Gentil,29,Restaurateur(trice),72844,10,moov
193,Victor Fournier,Lambaréné,58,Coiffeur(se),293817,29,airtel
194,Gérard Bourgeois,Moanda,35,Petit éleveur,87838,41,airtel
195,Thierry Brunet,Tchibanga,20,Commerçant(e),83733,30,moov
196,Christophe Reynaud-Laroche,Libreville,46,Petit éleveur,125511,30,gimac
197,Roland Carpentier,Franceville,21,Restaurateur(trice),43808,33,airtel
198,Joséphine Gosselin,Tchibanga,46,Agriculteur(trice),115443,46,gimac
199,Danielle Seguin,Moanda,42,Mécanicien(ne),117910,59,moov
200,Céline Merle de la Langlois,Lambaréné,22,Coiffeur(se),119888,41,airtel
201,Stéphane Michel,Franceville,39,Artisan(e),108799,17,gimac
202,Sébastien Labbé du Chauvin,Mouila,26,Petit éleveur,55942,43,gimac
203,Auguste de la Henry,Lambaréné,26,Agriculteur(trice),189662,25,airtel
204,Zacharie Brunel de Moreno,Libreville,41,Vendeur(se) au marché,128114,24,airtel
205,Jérôme Rossi,Tchibanga,30,Couturier(ère),199881,50,airtel
206,Michèle Muller,Port-Gentil,50,Agriculteur(trice),59613,51,gimac
207,Marianne de De Oliveira,Mouila,27,Chauffeur de taxi,48098,9,airtel
208,Catherine Lesage,Libreville,44,Coiffeur(se),144525,29,gimac
209,Suzanne Neveu,Tchibanga,32,Agriculteur(trice),156333,51,airtel
210,Martin Schmitt,Oyem,41,Petit éleveur,35426,31,moov
211,Laetitia du Turpin,Mouila,28,Couturier(ère),93440,25,gimac
212,Juliette Breton,Tchibanga,41,Agriculteur(trice),60097,42,airtel
213,Benjamin Lopes-Lebreton,Moanda,23,Chauffeur de taxi,154739,8,moov
214,Nicolas Colas-Bourdon,Mouila,23,Couturier(ère),88681,54,moov
215,Maggie Leroy,Oyem,42,Artisan(e),85379,24,moov
216,Marguerite Vidal,Lambaréné,27,Chauffeur de taxi,65110,7,airtel
217,Frédérique Monnier,Franceville,63,Restaurateur(trice),30000,45,moov
218,Jean-Guillaume Godard,Moanda,31,Chauffeur de taxi,348422,2,gimac
219,Roger-Aimé Blondel,Port-Gentil,36,Couturier(ère),314440,28,moov
220,Augustin de la Fouquet,Tchibanga,22,Artisan(e),59212,41,moov
221,Victoire Berthelot,Oyem,63,Chauffeur de taxi,109233,33,moov
222,Noël Imbert-Mendès,Mouila,29,Artisan(e),81708,16,gimac
223,Sophie Durand,Libreville,42,Restaurateur(trice),104239,33,airtel
224,William Louis,Port-Gentil,55,Coiffeur(se),155323,47,airtel
225,Jacqueline Schneider,Franceville,61,Restaurateur(trice),35132,53,gimac
226,Michèle-Thérèse Lenoir,Port-Gentil,63,Restaurateur(trice),96083,9,airtel
227,Marie du Vallet,Libreville,38,Vendeur(se) au marché,79035,13,gimac
228,Margot Benard-Boutin,Moanda,20,Couturier(ère),55965,31,moov
229,Laetitia Schneider,Lambaréné,35,Artisan(e),50425,56,moov
230,Gabriel-Charles Mace,Mouila,39,Chauffeur de taxi,88595,29,moov
231,Hugues de Bernier,Moanda,23,Mécanicien(ne),134927,52,airtel
232,Éléonore Olivier-Fabre,Port-Gentil,38,Vendeur(se) au marché,61961,7,moov
233,Laure Ramos,Tchibanga,40,Restaurateur(trice),81050,11,airtel
234,Lorraine-Capucine Leclercq,Libreville,22,Mécanicien(ne),121687,41,moov
235,Gabriel Alves de la Hernandez,Libreville,27,Petit éleveur,104178,11,gimac
236,René Marchand,Libreville,56,Chauffeur de taxi,78988,37,gimac
237,Alphonse-André Lenoir,Port-Gentil,54,Chauffeur de taxi,90949,29,gimac
238,Christophe Diaz du Henry,Oyem,25,Commerçant(e),80841,18,gimac
239,Sébastien Jacquet,Port-Gentil,34,Vendeur(se) au marché,50508,59,gimac
240,Valentine Besnard,Port-Gentil,46,Chauffeur de taxi,97701,55,gimac
241,Éléonore Roux,Lambaréné,60,Coiffeur(se),92787,44,gimac
242,Olivier-Bertrand François,Moanda,28,Chauffeur de taxi,37118,58,moov
243,Victoire Legrand,Franceville,33,Restaurateur(trice),99733,13,airtel
244,Anastasie-Clémence Gérard,Franceville,57,Artisan(e),70632,30,airtel
245,Madeleine-Aurélie Menard,Mouila,54,Artisan(e),158733,50,airtel
246,Roger Salmon,Franceville,53,Petit éleveur,84038,23,airtel
247,Hélène Diallo,Libreville,25,Agriculteur(trice),135464,33,airtel
248,Monique du Pichon,Oyem,40,Agriculteur(trice),77607,60,moov
249,Théodore Gilbert Le Colas,Moanda,26,Vendeur(se) au marché,158760,41,gimac
250,Anne Bourdon de Ledoux,Franceville,28,Petit éleveur,105796,11,gimac
251,Thomas de la Aubry,Libreville,19,Artisan(e),184369,60,airtel
252,Édouard Dupuis,Mouila,57,Commerçant(e),72623,37,moov
253,Robert Sanchez,Moanda,48,Couturier(ère),238260,42,gimac
254,Adrien Lejeune,Libreville,28,Restaurateur(trice),82711,45,moov
255,Sylvie Klein,Franceville,38,Coiffeur(se),96725,39,gimac
256,Gabriel Hervé,Franceville,41,Agriculteur(trice),212638,26,gimac
257,Michel Guérin de la Aubry,Moanda,46,Couturier(ère),57838,8,airtel
258,Élodie-Pauline Noël,Mouila,33,Chauffeur de taxi,55011,25,moov
259,Hélène Jourdan-Gérard,Tchibanga,49,Vendeur(se) au marché,67523,33,moov
260,David-Auguste Lopez,Lambaréné,21,Commerçant(e),116800,14,moov
261,Honoré Valentin,Tchibanga,36,Agriculteur(trice),94403,42,airtel
262,Louise-Sabine Denis,Moanda,64,Coiffeur(se),184970,57,moov
263,Madeleine Bonnin,Oyem,41,Agriculteur(trice),78416,37,moov
264,Laetitia Charrier,Moanda,57,Petit éleveur,40721,49,airtel
265,Virginie Navarro-Faure,Oyem,56,Agriculteur(trice),108427,10,moov
266,Alice Lesage Le Texier,Lambaréné,48,Agriculteur(trice),98724,9,moov
267,Alexandre-Benjamin Rolland,Moanda,55,Coiffeur(se),72569,40,gimac
268,Aimée-Juliette Verdier,Moanda,48,Commerçant(e),203325,46,moov
269,Emmanuel Lelièvre,Moanda,64,Commerçant(e),81219,27,gimac
270,Simone Le Arnaud,Oyem,64,Commerçant(e),44610,51,gimac
271,Renée-Victoire Robin,Mouila,27,Couturier(ère),94627,47,airtel
272,Marine Lejeune,Libreville,46,Coiffeur(se),126680,13,moov
273,Margot Leconte,Tchibanga,65,Commerçant(e),30969,27,gimac
274,Édouard Boulanger,Tchibanga,51,Mécanicien(ne),61699,21,moov
275,Virginie Hervé,Lambaréné,52,Coiffeur(se),235617,35,gimac
276,Alex De Sousa,Moanda,57,Restaurateur(trice),269192,42,airtel
277,Hugues Fleury,Oyem,37,Vendeur(se) au marché,189645,20,gimac
278,Céline Leleu,Tchibanga,40,Agriculteur(trice),35549,21,gimac
279,Adélaïde Descamps,Mouila,43,Coiffeur(se),75693,44,airtel
280,Susan Pasquier-Vincent,Port-Gentil,40,Restaurateur(trice),72927,46,gimac
281,Raymond Le Loiseau,Moanda,53,Vendeur(se) au marché,61007,13,airtel
282,Simone Samson,Libreville,24,Mécanicien(ne),169162,15,moov
283,François Da Costa,Franceville,18,Agriculteur(trice),126593,50,airtel
284,Christelle Hervé-Navarro,Tchibanga,48,Couturier(ère),30000,57,moov
285,Chantal Leroy,Port-Gentil,59,Petit éleveur,58698,59,airtel
286,Isabelle Lacombe de la Langlois,Libreville,29,Mécanicien(ne),112496,60,airtel
287,Agathe Courtois-Cordier,Moanda,20,Commerçant(e),30000,56,moov
288,Frédéric Noël,Moanda,47,Agriculteur(trice),106762,22,gimac
289,Célina Jourdan,Tchibanga,35,Couturier(ère),89144,55,airtel
290,Paul Auger,Moanda,63,Chauffeur de taxi,51628,42,airtel
291,Pierre Munoz Le Legros,Oyem,29,Petit éleveur,316171,37,gimac
292,Sylvie Berger,Port-Gentil,29,Chauffeur de taxi,100430,43,moov
293,Claudine Jacob,Mouila,33,Restaurateur(trice),77538,17,moov
294,Théophile de la Muller,Libreville,34,Coiffeur(se),192817,47,gimac
295,Marc-Jean Guillou,Moanda,28,Mécanicien(ne),43606,30,gimac
296,Adrien-Guy Pages,Moanda,62,Artisan(e),101188,46,gimac
297,Théodore Delorme du Gérard,Oyem,32,Chauffeur de taxi,181242,40,moov
298,Valérie Barre,Tchibanga,52,Couturier(ère),118933,36,airtel
299,Michelle Pineau,Port-Gentil,51,Restaurateur(trice),156258,51,gimac
300,Élisabeth Rocher,Port-Gentil,21,Agriculteur(trice),123934,37,gimac
301,Sébastien Jacob-Rey,Lambaréné,51,Restaurateur(trice),50936,11,airtel
302,Amélie Prévost,Port-Gentil,50,Restaurateur(trice),190150,32,airtel
303,Monique Collin,Libreville,53,Restaurateur(trice),89458,30,gimac
304,Paul Da Silva,Moanda,18,Couturier(ère),309166,26,gimac
305,Philippe Maury,Port-Gentil,52,Commerçant(e),46046,45,airtel
306,Capucine Besnard,Mouila,29,Chauffeur de taxi,254698,19,gimac
307,Rémy Pineau,Mouila,42,Artisan(e),39034,59,gimac
308,David Lejeune,Libreville,19,Vendeur(se) au marché,87017,15,moov
309,Auguste Lelièvre,Mouila,32,Couturier(ère),146096,35,moov
310,Jean-Thierry Jacquot,Port-Gentil,20,Mécanicien(ne),79331,60,gimac
311,Audrey Boulanger,Oyem,65,Commerçant(e),138582,4,moov
312,Monique Prévost-Toussaint,Libreville,26,Agriculteur(trice),86119,49,moov
313,Alex Maurice,Lambaréné,33,Vendeur(se) au marché,118825,50,airtel
314,Georges Lefort,Franceville,58,Mécanicien(ne),87312,36,gimac
315,Gabriel Letellier de Gay,Mouila,51,Coiffeur(se),83895,42,gimac
316,Timothée Fischer,Franceville,52,Restaurateur(trice),89211,25,airtel
317,Matthieu Brun,Franceville,47,Commerçant(e),165087,46,gimac
318,Alexandre Lambert Le Lefèvre,Franceville,42,Couturier(ère),84622,34,moov
319,Joseph Besson du Rodrigues,Tchibanga,41,Artisan(e),41592,60,gimac
320,Rémy Bouchet-Moreno,Mouila,61,Petit éleveur,131342,18,gimac
321,Émile Roger,Oyem,48,Couturier(ère),211156,43,moov
322,Thibault Weber,Port-Gentil,65,Restaurateur(trice),68443,48,airtel
323,Isabelle Mahe de la Grondin,Oyem,53,Coiffeur(se),194802,26,moov
324,Joséphine Jacques,Moanda,34,Coiffeur(se),75856,23,gimac
325,Xavier-Aimé Turpin,Tchibanga,38,Couturier(ère),206467,52,moov
326,Yves Morvan de la Legrand,Oyem,65,Chauffeur de taxi,80677,56,airtel
327,Marie Coste,Oyem,39,Couturier(ère),113535,10,moov
328,Timothée Lamy Le Pineau,Lambaréné,34,Restaurateur(trice),108579,36,gimac
329,Eugène Jacob du Gautier,Lambaréné,28,Chauffeur de taxi,131440,11,gimac
330,Laurent Masse-Pelletier,Libreville,51,Commerçant(e),104685,57,airtel
331,Lucie-Lucie Simon,Oyem,22,Chauffeur de taxi,156849,54,airtel
332,Laure Petit,Tchibanga,60,Restaurateur(trice),57975,4,airtel
333,Anaïs-Zoé Renault,Franceville,24,Artisan(e),248742,59,gimac
334,Thibaut Benard-Vasseur,Moanda,40,Vendeur(se) au marché,63118,34,moov
335,Thierry Le Potier,Oyem,37,Artisan(e),93361,45,gimac
336,Thomas Pereira,Tchibanga,21,Commerçant(e),43890,25,gimac
337,Honoré Besnard,Lambaréné,54,Artisan(e),50196,28,gimac
338,Stéphane Marchal,Tchibanga,35,Commerçant(e),172843,58,airtel
339,Benjamin Collet,Libreville,29,Coiffeur(se),128514,35,airtel
340,Patricia Roger,Port-Gentil,37,Chauffeur de taxi,243724,26,gimac
341,Christophe Le Laporte,Mouila,65,Chauffeur de taxi,32773,22,gimac
342,Laetitia de la Boucher,Libreville,24,Mécanicien(ne),156718,23,airtel
343,Lucie Letellier,Mouila,38,Commerçant(e),167487,50,gimac
344,Céline Bigot,Mouila,29,Petit éleveur,97244,25,gimac
345,David Faivre,Oyem,63,Artisan(e),57422,19,airtel
346,Yves Ramos-Parent,Franceville,65,Mécanicien(ne),67157,51,moov
347,Mathilde Robin,Tchibanga,41,Vendeur(se) au marché,84302,20,airtel
348,Agathe Aubry,Mouila,24,Commerçant(e),61976,29,airtel
349,Chantal De Sousa-Tessier,Lambaréné,42,Commerçant(e),83633,39,moov
350,Stéphane-Laurent Diaz,Oyem,54,Agriculteur(trice),66056,47,airtel
351,Catherine Parent,Moanda,35,Restaurateur(trice),124203,18,airtel
352,Noël Laurent-Legendre,Moanda,48,Artisan(e),44569,27,moov
353,Marguerite Bourdon-Louis,Tchibanga,56,Petit éleveur,70317,41,airtel
354,Timothée Barthelemy,Mouila,39,Petit éleveur,93885,1,moov
355,Victor Lejeune de Joly,Mouila,59,Petit éleveur,157444,22,airtel
356,Alfred Bailly,Oyem,48,Coiffeur(se),58824,45,airtel
357,Céline Pereira,Oyem,38,Mécanicien(ne),48838,32,moov
358,René Dufour-Chevallier,Oyem,55,Agriculteur(trice),168828,8,airtel
359,Michèle Leconte,Tchibanga,63,Couturier(ère),149602,47,moov
360,Paulette Coste-Bernier,Moanda,33,Vendeur(se) au marché,249863,9,gimac
361,Marc Bègue,Port-Gentil,46,Petit éleveur,53257,25,moov
362,Patrick Chauvet,Mouila,52,Commerçant(e),118397,60,moov
363,Laurence David,Port-Gentil,24,Couturier(ère),298257,39,gimac
364,Gabrielle Hebert,Libreville,54,Mécanicien(ne),120975,40,moov
365,Inès Étienne,Port-Gentil,34,Couturier(ère),229044,1,gimac
366,Zacharie Tessier,Oyem,46,Coiffeur(se),175405,45,moov
367,Martine Bonnet-Chauvin,Franceville,40,Commerçant(e),87671,45,moov
368,Étienne-Charles De Sousa,Port-Gentil,64,Chauffeur de taxi,49169,6,moov
369,Vincent Lecomte,Tchibanga,40,Restaurateur(trice),69182,14,airtel
370,Aimée Girard Le Berger,Port-Gentil,37,Commerçant(e),80026,21,gimac
371,Roland Leclerc,Oyem,51,Chauffeur de taxi,158220,11,gimac
372,Robert Guillaume,Oyem,43,Chauffeur de taxi,44587,30,airtel
373,Gabrielle-Hortense Boulanger,Oyem,46,Petit éleveur,127342,2,moov
374,Théophile Bernard,Moanda,63,Artisan(e),67001,14,gimac
375,David-Christophe Gimenez,Port-Gentil,34,Restaurateur(trice),61202,30,gimac
376,Emmanuel-Bertrand Peltier,Mouila,55,Artisan(e),198487,25,moov
377,Christophe Garcia,Moanda,57,Petit éleveur,74531,12,airtel
378,Inès Pruvost,Moanda,25,Chauffeur de taxi,127763,16,moov
379,Agnès Roger,Franceville,54,Mécanicien(ne),148305,27,moov
380,André-Christophe Traore,Franceville,53,Chauffeur de taxi,40643,45,moov
381,Céline Vallet,Tchibanga,57,Commerçant(e),75555,54,moov
382,Noël Pons,Mouila,53,Agriculteur(trice),243384,13,gimac
383,Catherine Sauvage,Tchibanga,49,Chauffeur de taxi,97107,27,airtel
384,Geneviève de Petitjean,Moanda,20,Vendeur(se) au marché,137280,15,airtel
385,Madeleine du Weiss,Tchibanga,53,Agriculteur(trice),103418,30,airtel
386,Antoine Voisin,Lambaréné,52,Commerçant(e),109341,35,gimac
387,Pénélope Torres,Port-Gentil,65,Couturier(ère),91378,28,moov
388,Patrick Mendès,Lambaréné,63,Petit éleveur,31630,45,gimac
389,Arnaude Faure,Oyem,31,Commerçant(e),81419,51,gimac
390,Claudine François,Franceville,38,Vendeur(se) au marché,79730,35,moov
391,Guillaume Ferrand,Port-Gentil,26,Mécanicien(ne),475807,33,airtel
392,Marguerite-Monique Godard,Oyem,61,Mécanicien(ne),40425,54,moov
393,Lucie du Bodin,Mouila,42,Restaurateur(trice),36244,41,airtel
394,Philippine Perrin de Bègue,Mouila,50,Vendeur(se) au marché,310955,6,gimac
395,Gabrielle Perret-Sauvage,Lambaréné,55,Commerçant(e),201159,32,gimac
396,Lucas Maillot-De Sousa,Port-Gentil,52,Mécanicien(ne),156139,55,airtel
397,Patricia Chauveau,Lambaréné,53,Petit éleveur,97925,19,airtel
398,Hugues Launay,Libreville,20,Artisan(e),112677,22,gimac
399,Joséphine Besson,Franceville,46,Restaurateur(trice),169518,8,airtel
400,Zacharie Reynaud,Franceville,59,Vendeur(se) au marché,239128,45,airtel
401,Benjamin Clément,Lambaréné,60,Chauffeur de taxi,51303,6,airtel
402,Martin Pereira,Oyem,45,Artisan(e),84657,45,gimac
403,Christelle Berthelot,Franceville,55,Couturier(ère),58119,5,gimac
404,Théodore Guilbert,Mouila,62,Chauffeur de taxi,296803,56,moov
405,Margot Leconte-Rivière,Port-Gentil,24,Coiffeur(se),48240,47,moov
406,Marthe Chartier,Franceville,59,Chauffeur de taxi,155512,50,airtel
407,Anastasie Hervé,Franceville,46,Coiffeur(se),101892,42,gimac
408,Marcelle Benard de Verdier,Mouila,57,Restaurateur(trice),30537,59,airtel
409,Frédérique de la Descamps,Lambaréné,45,Coiffeur(se),185927,25,airtel
410,Hélène Nicolas,Moanda,62,Commerçant(e),47547,16,gimac
411,Michèle Noël,Oyem,65,Mécanicien(ne),160631,39,moov
412,Sébastien-Frédéric Gilbert,Oyem,49,Mécanicien(ne),197978,51,airtel
413,Alexandrie Raynaud-Descamps,Libreville,41,Coiffeur(se),47269,5,airtel
414,Alexandre-Éric Maillard,Lambaréné,52,Chauffeur de taxi,47889,27,moov
415,Jean Marty de Arnaud,Mouila,45,Mécanicien(ne),100540,33,airtel
416,Roland Descamps,Moanda,23,Vendeur(se) au marché,134979,10,airtel
417,Antoinette Blanchard,Franceville,52,Coiffeur(se),100167,52,moov
418,Benjamin Letellier,Port-Gentil,37,Mécanicien(ne),143739,42,gimac
419,Gabrielle du Humbert,Port-Gentil,45,Artisan(e),182226,16,moov
420,Marianne Barbier,Franceville,25,Commerçant(e),111560,43,gimac
421,Marcelle Mace,Moanda,28,Coiffeur(se),98159,34,airtel
422,Aurélie Roux,Libreville,39,Mécanicien(ne),129554,58,moov
423,Édouard Faivre,Port-Gentil,49,Restaurateur(trice),102059,37,gimac
424,Anaïs Parent de Maillard,Franceville,41,Chauffeur de taxi,74033,37,moov
425,Pauline Vallée,Libreville,20,Commerçant(e),120884,48,airtel
426,Simone Legros Le Fabre,Franceville,29,Commerçant(e),47345,59,gimac
427,Céline Le Perret,Mouila,32,Coiffeur(se),293899,42,airtel
428,Guy Potier,Port-Gentil,54,Coiffeur(se),72535,18,airtel
429,Véronique-Manon Lambert,Oyem,51,Commerçant(e),100853,12,moov
430,Louis Joseph-Lefèvre,Moanda,38,Artisan(e),43065,19,gimac
431,François Hernandez,Moanda,65,Petit éleveur,91991,19,airtel
432,Daniel Le Charpentier,Oyem,64,Agriculteur(trice),90134,32,airtel
433,Célina Robert,Lambaréné,18,Mécanicien(ne),155822,1,gimac
434,Philippine Roger,Oyem,44,Restaurateur(trice),128156,34,airtel
435,Laurent Rossi,Mouila,62,Coiffeur(se),77883,15,moov
436,Philippe Vaillant-Laroche,Oyem,36,Vendeur(se) au marché,111697,9,moov
437,Arnaude Chauvin,Lambaréné,38,Restaurateur(trice),203292,54,moov
438,Martin Moreau,Lambaréné,31,Restaurateur(trice),91520,8,moov
439,Astrid Bouvier,Franceville,61,Vendeur(se) au marché,76438,6,gimac
440,Pénélope-Océane Lacombe,Lambaréné,27,Artisan(e),121925,54,gimac
441,Luce Noël,Libreville,61,Vendeur(se) au marché,66021,33,moov
442,Aimée Germain,Tchibanga,53,Agriculteur(trice),147092,26,airtel
443,Thierry Jacques,Oyem,26,Couturier(ère),139278,4,moov
444,Aurore Nguyen,Port-Gentil,55,Petit éleveur,69167,42,moov
445,Gérard Nguyen,Lambaréné,25,Commerçant(e),217068,6,moov
446,Noémi-Audrey Delaunay,Libreville,42,Mécanicien(ne),76904,32,airtel
447,Jean Louis Le Merle,Moanda,46,Chauffeur de taxi,30000,18,airtel
448,Auguste Gros,Moanda,49,Mécanicien(ne),134140,42,gimac
449,Rémy Gros,Franceville,44,Couturier(ère),96407,25,gimac
450,Jérôme Le Petitjean,Libreville,42,Coiffeur(se),227513,41,moov
451,Georges Henry,Lambaréné,42,Vendeur(se) au marché,107895,59,airtel
452,Gilbert Philippe,Lambaréné,55,Couturier(ère),30380,31,airtel
453,Thibaut Brunet,Libreville,32,Petit éleveur,30000,18,moov
454,Emmanuel Leleu,Franceville,29,Couturier(ère),38965,55,gimac
455,Susan Faivre,Libreville,63,Coiffeur(se),48276,23,gimac
456,Sophie-Margot Techer,Tchibanga,52,Vendeur(se) au marché,114674,13,airtel
457,Clémence Besnard,Oyem,19,Agriculteur(trice),97653,15,moov
458,Noël Pichon,Franceville,38,Commerçant(e),69327,46,airtel
459,Guillaume Maury de Benard,Port-Gentil,51,Coiffeur(se),30000,10,airtel
460,Arnaude Le Pinto,Lambaréné,26,Chauffeur de taxi,87593,20,gimac
461,Alex Boyer,Franceville,42,Vendeur(se) au marché,144394,38,gimac
462,Louise Garnier,Libreville,62,Petit éleveur,123295,47,moov
463,Thibault Valentin,Oyem,58,Petit éleveur,107465,21,airtel
464,Nathalie du Blin,Franceville,58,Artisan(e),137504,21,gimac
465,Alice Lebreton-Masse,Tchibanga,18,Vendeur(se) au marché,188428,22,airtel
466,Isaac du Charrier,Port-Gentil,64,Commerçant(e),74865,17,airtel
467,Antoine Lebreton,Mouila,49,Mécanicien(ne),63637,11,moov
468,Jean Delannoy,Oyem,28,Restaurateur(trice),104059,31,airtel
469,Philippe Imbert,Mouila,28,Artisan(e),53201,57,gimac
470,Alphonse Hoarau,Mouila,28,Commerçant(e),80491,39,airtel
471,Sabine Hardy,Moanda,60,Vendeur(se) au marché,80063,60,moov
472,Constance Le Guichard,Libreville,41,Commerçant(e),156575,10,moov
473,Léon Lejeune Le Potier,Libreville,31,Chauffeur de taxi,126471,7,gimac
474,Anastasie Lefort Le François,Port-Gentil,37,Mécanicien(ne),78165,55,moov
475,Brigitte Pascal,Mouila,29,Coiffeur(se),95500,6,moov
476,Lorraine Fleury,Tchibanga,47,Vendeur(se) au marché,77454,17,airtel
477,Clémence Le Roux de Guillon,Port-Gentil,23,Coiffeur(se),218869,10,gimac
478,Jérôme Ruiz,Libreville,42,Agriculteur(trice),68629,15,moov
479,Christelle Valentin,Tchibanga,37,Artisan(e),282428,16,moov
480,Honoré Vaillant,Franceville,25,Restaurateur(trice),100884,52,airtel
481,Margot Rodriguez,Mouila,23,Mécanicien(ne),68366,3,airtel
482,Bernadette du Grégoire,Port-Gentil,23,Mécanicien(ne),156907,59,gimac
483,Agnès Étienne,Tchibanga,18,Petit éleveur,84390,18,gimac
484,Éric Benoit Le Gosselin,Franceville,27,Petit éleveur,102745,27,gimac
485,Élise Jean,Lambaréné,44,Vendeur(se) au marché,378126,56,moov
486,Denis Garnier,Libreville,29,Vendeur(se) au marché,143239,31,moov
487,Benoît Guillou de Peltier,Mouila,20,Mécanicien(ne),38687,45,moov
488,Christelle Godard,Moanda,41,Commerçant(e),121329,31,moov
489,Colette Goncalves,Tchibanga,62,Artisan(e),157746,18,airtel
490,Thierry Gaillard,Mouila,56,Artisan(e),70530,18,airtel
491,Amélie Bouchet,Tchibanga,51,Coiffeur(se),49364,27,airtel
492,Inès Hebert,Mouila,26,Agriculteur(trice),100577,20,gimac
493,Lorraine Chrétien du Rey,Lambaréné,63,Couturier(ère),61427,59,moov
494,Isabelle Ruiz-Lelièvre,Port-Gentil,61,Commerçant(e),76656,26,airtel
495,Julien du Pinto,Tchibanga,55,Agriculteur(trice),71441,12,moov
496,Laurent Gaudin du Renard,Port-Gentil,36,Commerçant(e),36772,17,moov
497,Thibaut de la Deschamps,Oyem,61,Couturier(ère),142429,15,moov
498,Tristan Leduc,Libreville,48,Chauffeur de taxi,136022,56,gimac
499,Caroline Mendès,Moanda,45,Mécanicien(ne),47764,20,moov
500,Chantal Le Perez,Mouila,55,Artisan(e),93528,20,airtel
501,Grégoire Lebreton,Lambaréné,53,Petit éleveur,102242,54,gimac
502,Claudine du Robin,Port-Gentil,39,Vendeur(se) au marché,48590,31,gimac
503,Maurice Lévêque-Michel,Moanda,30,Chauffeur de taxi,76963,42,gimac
504,Anastasie Delaunay,Franceville,64,Commerçant(e),133694,44,gimac
505,Michelle de la Collin,Mouila,43,Mécanicien(ne),98337,59,gimac
506,Julien Hubert,Oyem,61,Agriculteur(trice),108178,47,gimac
507,Hugues Perrin,Franceville,60,Agriculteur(trice),141360,55,airtel
508,Claudine Dos Santos,Moanda,64,Agriculteur(trice),66099,48,airtel
509,Guy Georges,Moanda,44,Coiffeur(se),121101,15,moov
510,Noël Pons,Port-Gentil,48,Commerçant(e),69625,55,gimac
511,Adèle Chevalier de Boucher,Tchibanga,30,Agriculteur(trice),462525,5,airtel
512,Denis du Masson,Mouila,21,Chauffeur de taxi,182000,20,airtel
513,Georges Hernandez de Rousseau,Tchibanga,27,Coiffeur(se),213409,37,gimac
514,Marc Riou-Loiseau,Moanda,31,Chauffeur de taxi,80508,29,gimac
515,Anouk Masson,Port-Gentil,26,Petit éleveur,168275,49,moov
516,Agnès Lefort,Mouila,18,Commerçant(e),124281,31,gimac
517,Isabelle de la Klein,Lambaréné,51,Couturier(ère),60262,1,airtel
518,Adélaïde Bonneau,Oyem,62,Coiffeur(se),160707,16,moov
519,Isabelle Masse,Moanda,28,Artisan(e),53125,38,airtel
520,Éléonore Chartier,Lambaréné,45,Chauffeur de taxi,73651,47,moov
521,Rémy Alves,Mouila,19,Couturier(ère),134360,59,airtel
522,Rémy Devaux,Libreville,55,Agriculteur(trice),129203,47,airtel
523,Claude de Perrier,Moanda,52,Petit éleveur,159732,41,airtel
524,Amélie Bousquet,Libreville,21,Artisan(e),109266,7,moov
525,Michelle Fleury,Tchibanga,62,Chauffeur de taxi,92466,17,airtel
526,Joseph Mercier,Mouila,60,Artisan(e),169985,20,gimac
527,Isabelle Peron,Franceville,44,Artisan(e),104341,45,gimac
528,Stéphane Guyon,Port-Gentil,49,Couturier(ère),127418,8,gimac
529,Christiane Bertrand,Oyem,40,Mécanicien(ne),64903,34,moov
530,Maggie Weiss,Oyem,62,Restaurateur(trice),45540,59,moov
531,Zacharie Barthelemy,Port-Gentil,64,Artisan(e),114791,6,moov
532,Édith Dufour,Moanda,47,Commerçant(e),129765,19,airtel
533,Michel Da Silva,Lambaréné,45,Artisan(e),173983,44,airtel
534,Eugène Bertrand de la Dupont,Tchibanga,57,Vendeur(se) au marché,123709,58,gimac
535,Marcelle Buisson,Moanda,42,Restaurateur(trice),57253,30,moov
536,Thérèse Fleury,Franceville,62,Commerçant(e),209901,8,airtel
537,Tristan Aubert,Franceville,57,Mécanicien(ne),94715,29,moov
538,Joseph Valette de Bègue,Franceville,48,Restaurateur(trice),227312,57,airtel
539,Laetitia Denis,Moanda,59,Coiffeur(se),201450,5,airtel
540,Renée Alexandre,Oyem,60,Coiffeur(se),189811,50,gimac
541,Nathalie Maillot,Mouila,60,Couturier(ère),106875,7,moov
542,Paul Jacquot,Franceville,53,Petit éleveur,60446,25,airtel
543,Michèle Paul,Franceville,22,Restaurateur(trice),99787,32,moov
544,Augustin-Marcel Chevalier,Mouila,43,Couturier(ère),54423,42,airtel
545,Édith Morvan,Port-Gentil,49,Restaurateur(trice),79868,29,moov
546,Isaac Henry de Millet,Libreville,24,Mécanicien(ne),45213,42,moov
547,Honoré Cohen du Brun,Port-Gentil,56,Petit éleveur,34214,53,gimac
548,Marine Cohen,Tchibanga,39,Coiffeur(se),65572,14,airtel
549,Joseph Bonneau,Tchibanga,63,Coiffeur(se),46928,39,gimac
550,Laure Riou,Oyem,18,Coiffeur(se),93513,43,moov
551,Auguste Leconte,Port-Gentil,20,Chauffeur de taxi,63074,45,moov
552,Mathilde Blanchet,Mouila,24,Vendeur(se) au marché,30000,47,gimac
553,Alexandre Meunier,Mouila,31,Restaurateur(trice),69149,55,airtel
554,Sabine Fontaine de la Mercier,Libreville,58,Petit éleveur,126765,27,airtel
555,Tristan Poulain-Étienne,Franceville,49,Commerçant(e),164354,43,gimac
556,Alexandria Texier,Tchibanga,50,Chauffeur de taxi,170111,28,gimac
557,Yves Lebreton,Port-Gentil,42,Petit éleveur,133255,9,gimac
558,Michelle Hebert,Mouila,56,Couturier(ère),218460,25,moov
559,Sébastien Dos Santos,Tchibanga,26,Chauffeur de taxi,84122,19,moov
560,Mathilde du Bouvier,Moanda,62,Agriculteur(trice),250011,33,moov
561,Gérard-Bertrand Michel,Moanda,61,Coiffeur(se),117099,40,gimac
562,Paul Paul,Lambaréné,63,Artisan(e),30000,12,moov
563,Célina Charles,Mouila,61,Agriculteur(trice),115111,43,moov
564,Maurice-Franck Raymond,Port-Gentil,19,Mécanicien(ne),193429,1,airtel
565,Patrick Bourgeois de Dufour,Moanda,27,Commerçant(e),32261,19,gimac
566,Maurice Giraud,Libreville,40,Restaurateur(trice),142586,35,airtel
567,Aurore Normand,Oyem,65,Agriculteur(trice),142675,36,moov
568,Marie Lacombe,Moanda,62,Commerçant(e),30000,52,moov
569,Robert Allard,Libreville,18,Vendeur(se) au marché,201300,36,airtel
570,Henri Barbier de la Étienne,Tchibanga,32,Coiffeur(se),173938,56,gimac
571,Hélène de Bourgeois,Oyem,36,Restaurateur(trice),111410,50,airtel
572,Georges Teixeira,Moanda,18,Coiffeur(se),72473,11,moov
573,Jules Lenoir,Lambaréné,56,Commerçant(e),127435,10,gimac
574,Michèle-Suzanne Courtois,Lambaréné,22,Coiffeur(se),140357,32,gimac
575,Thibault Fernandez,Franceville,44,Agriculteur(trice),69342,5,gimac
576,Honoré Chauvin,Oyem,60,Coiffeur(se),84727,57,moov
577,Olivie Lecoq,Tchibanga,53,Commerçant(e),82180,49,airtel
578,Arnaude Marchand,Oyem,20,Coiffeur(se),135089,58,moov
579,Arnaude Lebreton,Libreville,51,Coiffeur(se),76458,19,gimac
580,Marie Rodriguez,Moanda,59,Couturier(ère),173195,3,moov
581,Édith Lecoq-Dumont,Libreville,58,Artisan(e),130113,11,airtel
582,Camille Lefèvre,Mouila,24,Couturier(ère),214134,56,gimac
583,Raymond Brunet,Port-Gentil,65,Chauffeur de taxi,153264,53,airtel
584,Émile Renard Le Lacombe,Port-Gentil,21,Chauffeur de taxi,92706,6,moov
585,Jérôme Paul-Jacquet,Moanda,44,Mécanicien(ne),113625,15,moov
586,Gilbert Pierre,Mouila,61,Artisan(e),125041,2,gimac
587,Laure Marchand-Toussaint,Moanda,56,Artisan(e),73525,19,moov
588,Thibault Joubert de Gaudin,Libreville,48,Chauffeur de taxi,160424,26,gimac
589,Théodore Blin,Moanda,58,Chauffeur de taxi,31615,51,moov
590,Émile Delmas,Libreville,53,Agriculteur(trice),303119,24,airtel
591,Maggie Thibault de Leroy,Moanda,31,Coiffeur(se),122387,6,airtel
592,Alphonse Clerc,Franceville,28,Chauffeur de taxi,76578,33,airtel
593,Julie-Françoise Gosselin,Franceville,60,Petit éleveur,115960,8,airtel
594,Patricia-Alix Mahe,Moanda,24,Couturier(ère),106092,5,gimac
595,Luce Clerc-Hernandez,Franceville,60,Couturier(ère),546829,23,airtel
596,Jacqueline Pottier,Lambaréné,49,Restaurateur(trice),77826,13,moov
597,Lucy De Sousa,Franceville,54,Petit éleveur,117298,38,moov
598,Antoine Barbier,Oyem,63,Mécanicien(ne),60076,51,moov
599,Patricia Guillet,Lambaréné,48,Restaurateur(trice),147915,47,moov
600,Emmanuelle Leblanc,Port-Gentil,29,Petit éleveur,80069,36,airtel
601,Claire Bouvier Le Peron,Port-Gentil,64,Artisan(e),44216,17,airtel
602,Noémi Dumont,Mouila,55,Couturier(ère),262189,53,airtel
603,Catherine Julien,Tchibanga,59,Chauffeur de taxi,110893,35,moov
604,Nicolas Rivière-Da Costa,Moanda,26,Restaurateur(trice),35622,38,gimac
605,Jeanne Blanchard,Libreville,60,Couturier(ère),100485,33,gimac
606,André Charpentier,Tchibanga,28,Chauffeur de taxi,215506,9,gimac
607,Paulette Menard,Tchibanga,32,Artisan(e),96135,15,moov
608,Isaac Verdier,Lambaréné,42,Restaurateur(trice),85784,14,moov
609,Élisabeth Ledoux,Moanda,65,Vendeur(se) au marché,117064,34,gimac
610,Paul Buisson,Mouila,41,Petit éleveur,104323,42,gimac
611,Zoé Le Gall,Lambaréné,49,Restaurateur(trice),61080,53,gimac
612,Aimée Robin,Moanda,31,Chauffeur de taxi,91095,33,airtel
613,Claude Albert,Port-Gentil,60,Couturier(ère),40692,53,moov
614,Franck Guillon-Benard,Tchibanga,48,Couturier(ère),310195,31,gimac
615,André Carre,Libreville,54,Chauffeur de taxi,108030,41,airtel
616,Sylvie Renault,Libreville,64,Vendeur(se) au marché,101601,37,airtel
617,Adrienne Nicolas-Perret,Tchibanga,28,Couturier(ère),47033,31,moov
618,Gilles Petitjean,Franceville,57,Agriculteur(trice),163631,53,moov
619,Océane Poulain,Tchibanga,56,Petit éleveur,33262,60,airtel
620,Luc Roux,Libreville,30,Agriculteur(trice),62783,7,gimac
621,Élise-Maryse Lenoir,Port-Gentil,29,Restaurateur(trice),294749,39,gimac
622,Auguste Collin du Salmon,Port-Gentil,23,Restaurateur(trice),228759,35,gimac
623,Laurence Ferrand-Bazin,Libreville,61,Mécanicien(ne),37812,53,gimac
624,Célina Rodriguez de Carlier,Mouila,32,Restaurateur(trice),51420,45,moov
625,Maggie Pascal,Port-Gentil,45,Chauffeur de taxi,44912,59,moov
626,Claire Philippe,Port-Gentil,36,Petit éleveur,95735,55,gimac
627,Dominique Maréchal de Lambert,Libreville,54,Agriculteur(trice),87908,46,airtel
628,Daniel Delannoy,Lambaréné,44,Coiffeur(se),101981,14,airtel
629,Thérèse Paul,Moanda,52,Mécanicien(ne),35601,17,gimac
630,Clémence Seguin,Mouila,31,Mécanicien(ne),81560,44,gimac
631,Christine Le Raymond,Tchibanga,34,Vendeur(se) au marché,173585,24,gimac
632,Corinne Carlier,Franceville,60,Artisan(e),57297,48,gimac
633,Lucy Allain Le Guillou,Port-Gentil,31,Agriculteur(trice),30000,11,moov
634,Victoire Le Ollivier,Libreville,28,Mécanicien(ne),433068,40,gimac
635,Julien Rémy,Lambaréné,23,Petit éleveur,91943,15,airtel
636,Marc Guillon,Libreville,29,Restaurateur(trice),73317,19,moov
637,Thomas Michel du Aubry,Libreville,56,Agriculteur(trice),247751,13,gimac
638,Henriette-Anastasie Guillon,Libreville,41,Couturier(ère),167850,44,gimac
639,Denise Hardy,Oyem,51,Commerçant(e),76884,38,gimac
640,Monique Caron de la David,Lambaréné,40,Vendeur(se) au marché,118942,36,airtel
641,Cécile-Élisabeth Moreau,Mouila,54,Commerçant(e),113088,60,moov
642,Margaux Humbert,Port-Gentil,50,Vendeur(se) au marché,50139,36,moov
643,Lucas Blot,Tchibanga,42,Petit éleveur,210708,45,moov
644,Lucas du Guyon,Tchibanga,61,Restaurateur(trice),310449,50,gimac
645,Daniel Paul,Port-Gentil,42,Couturier(ère),202669,17,gimac
646,Roger Le Dupré,Lambaréné,51,Agriculteur(trice),278230,27,airtel
647,Michelle Bouvier,Port-Gentil,43,Coiffeur(se),130692,19,airtel
648,Michel Rossi,Lambaréné,31,Petit éleveur,105698,21,moov
649,Marthe Labbé,Oyem,49,Couturier(ère),30000,60,airtel
650,Thibault-Olivier Olivier,Lambaréné,27,Artisan(e),67603,16,airtel
651,Guillaume Pascal-Léger,Libreville,48,Coiffeur(se),152603,49,gimac
652,Henri Pires-Hervé,Tchibanga,29,Agriculteur(trice),248122,18,moov
653,Patrick Le Voisin,Libreville,51,Mécanicien(ne),64812,9,moov
654,Laure Hervé,Franceville,47,Artisan(e),32016,50,gimac
655,Sébastien Labbé,Libreville,61,Couturier(ère),101456,1,moov
656,Monique Delaunay-Barre,Moanda,29,Agriculteur(trice),111704,40,moov
657,William Dupont,Lambaréné,41,Chauffeur de taxi,59171,40,moov
658,Augustin Perrot du Bègue,Lambaréné,41,Mécanicien(ne),86269,49,moov
659,Olivier-Franck Renaud,Oyem,24,Vendeur(se) au marché,87699,37,airtel
660,Laetitia Guilbert-Grenier,Franceville,65,Chauffeur de taxi,146740,13,moov
661,Daniel-Bernard Chauvet,Franceville,58,Agriculteur(trice),144655,32,gimac
662,Isabelle-Jacqueline Girard,Moanda,53,Petit éleveur,284240,20,airtel
663,Hélène de la Roux,Oyem,34,Restaurateur(trice),70408,4,gimac
664,Lucas Rémy,Moanda,40,Commerçant(e),67067,36,moov
665,Capucine Bazin,Moanda,40,Coiffeur(se),123333,12,gimac
666,Adrien Dias,Port-Gentil,42,Petit éleveur,103541,29,moov
667,Lucas Guibert,Franceville,58,Coiffeur(se),41790,56,moov
668,Valentine Gilles,Port-Gentil,23,Chauffeur de taxi,135325,55,moov
669,Guy Le Renault,Moanda,56,Mécanicien(ne),65544,19,moov
670,Benjamin Gilles,Franceville,19,Chauffeur de taxi,102662,11,gimac
671,Hortense-Alex Roger,Port-Gentil,31,Chauffeur de taxi,68527,48,moov
672,Dorothée Da Silva,Mouila,51,Artisan(e),234029,2,airtel
673,Virginie Lemoine,Mouila,37,Couturier(ère),73905,42,airtel
674,Alfred Petit Le Duhamel,Franceville,51,Chauffeur de taxi,153152,9,airtel
675,Catherine Daniel Le De Sousa,Lambaréné,48,Restaurateur(trice),46913,59,gimac
676,Virginie Lucas-Bodin,Franceville,55,Petit éleveur,266059,9,moov
677,Laetitia Olivier,Mouila,51,Agriculteur(trice),142974,37,moov
678,Jacques Goncalves,Port-Gentil,46,Vendeur(se) au marché,222353,15,moov
679,Joséphine Wagner,Libreville,51,Chauffeur de taxi,88695,1,moov
680,Aimé Gallet,Tchibanga,48,Vendeur(se) au marché,61566,45,airtel
681,Lucie Duhamel,Oyem,18,Agriculteur(trice),382519,39,moov
682,Emmanuel du Launay,Mouila,42,Couturier(ère),90553,46,moov
683,Marguerite de Maréchal,Moanda,36,Agriculteur(trice),31070,34,moov
684,Éric Joly,Franceville,36,Artisan(e),53537,12,gimac
685,Margot Menard,Tchibanga,30,Coiffeur(se),90762,45,airtel
686,Gilles Jacob,Libreville,32,Artisan(e),76395,29,airtel
687,Maurice Chrétien-Da Costa,Lambaréné,47,Commerçant(e),67296,32,moov
688,Madeleine Guillon,Port-Gentil,52,Restaurateur(trice),60075,26,airtel
689,Adrienne-Josette Guibert,Oyem,65,Commerçant(e),31904,29,airtel
690,Inès Bonnet,Oyem,48,Mécanicien(ne),82781,34,gimac
691,Nicolas Le Gall,Port-Gentil,34,Restaurateur(trice),30000,48,gimac
692,Luc Torres,Oyem,25,Couturier(ère),71411,4,gimac
693,Marcelle de Riou,Moanda,55,Artisan(e),92152,51,moov
694,Julien Bonneau de la Vasseur,Port-Gentil,33,Chauffeur de taxi,92684,24,moov
695,Olivier Brunet,Libreville,21,Coiffeur(se),32766,60,gimac
696,Michelle Legros,Franceville,49,Couturier(ère),45783,7,moov
697,Sylvie Boulay-Tanguy,Oyem,19,Mécanicien(ne),384097,29,moov
698,Gérard de Laine,Tchibanga,63,Restaurateur(trice),134357,3,gimac
699,Maryse Garnier,Franceville,52,Coiffeur(se),49145,13,moov
700,Cécile-Anne Lévy,Franceville,22,Agriculteur(trice),137324,54,airtel
701,Émilie de la Gaillard,Lambaréné,47,Commerçant(e),73975,35,gimac
702,Simone Ferreira,Libreville,57,Coiffeur(se),101015,57,gimac
703,Stéphane du Robin,Mouila,30,Agriculteur(trice),37657,43,gimac
704,Sophie de De Sousa,Moanda,38,Mécanicien(ne),98162,40,gimac
705,Pierre Legros,Port-Gentil,20,Chauffeur de taxi,80603,43,airtel
706,Andrée Vaillant,Oyem,24,Commerçant(e),159820,32,gimac
707,Manon Ramos,Moanda,21,Coiffeur(se),125322,32,airtel
708,Louis Adam,Oyem,59,Restaurateur(trice),111010,60,airtel
709,Franck Delorme,Mouila,41,Commerçant(e),90124,24,gimac
710,Alphonse Briand,Port-Gentil,24,Couturier(ère),52299,14,gimac
711,Anouk Allard,Oyem,54,Chauffeur de taxi,85282,43,gimac
712,Arthur Georges,Lambaréné,61,Restaurateur(trice),153062,7,gimac
713,Guy Lejeune,Franceville,53,Mécanicien(ne),421489,11,gimac
714,Daniel Gosselin,Tchibanga,40,Coiffeur(se),80928,39,gimac
715,Michelle Weber,Mouila,58,Mécanicien(ne),208783,24,gimac
716,Michelle Mallet,Oyem,42,Agriculteur(trice),77703,35,gimac
717,Zacharie Peltier,Libreville,36,Petit éleveur,90252,47,airtel
718,Christiane Guibert-Lévêque,Oyem,38,Commerçant(e),73753,15,gimac
719,Emmanuel Tanguy,Franceville,24,Commerçant(e),101419,37,moov
720,Charlotte Petitjean,Oyem,32,Vendeur(se) au marché,83079,24,moov
721,Adrien Boulay-Simon,Oyem,64,Artisan(e),49027,59,gimac
722,Nicolas Maillet du Rossi,Port-Gentil,56,Vendeur(se) au marché,69653,32,airtel
723,Henriette Hoarau,Libreville,39,Coiffeur(se),172930,6,moov
724,Marie Meyer,Oyem,65,Petit éleveur,51527,56,airtel
725,Étienne-Bertrand David,Moanda,51,Commerçant(e),143585,4,moov
726,Agnès Guillot,Oyem,27,Commerçant(e),103603,33,gimac
727,Arthur de Valentin,Port-Gentil,32,Mécanicien(ne),146184,29,moov
728,Maurice Joseph,Port-Gentil,48,Petit éleveur,139521,22,gimac
729,Gérard Traore,Mouila,50,Mécanicien(ne),45609,6,gimac
730,Luc Navarro,Oyem,49,Mécanicien(ne),63590,36,gimac
731,Richard Carpentier-Faivre,Oyem,33,Artisan(e),116694,48,moov
732,Daniel Gaudin,Port-Gentil,25,Mécanicien(ne),150401,60,moov
733,Gabriel Foucher Le Verdier,Libreville,37,Chauffeur de taxi,83173,23,moov
734,Margot Gomez Le Meunier,Oyem,30,Coiffeur(se),92075,3,airtel
735,Geneviève du Ribeiro,Lambaréné,31,Agriculteur(trice),47687,2,airtel
736,Antoine-Roger Maury,Tchibanga,57,Chauffeur de taxi,52076,17,gimac
737,Thomas Potier,Moanda,28,Commerçant(e),127251,3,moov
738,Virginie Rousseau,Libreville,47,Commerçant(e),35768,18,airtel
739,Monique Hardy,Lambaréné,24,Commerçant(e),84347,55,moov
740,Patricia Lejeune,Mouila,50,Artisan(e),290309,15,moov
741,Henri Mallet,Franceville,30,Agriculteur(trice),94922,6,moov
742,René Reynaud,Oyem,51,Vendeur(se) au marché,122669,3,moov
743,Frédéric Ribeiro-Neveu,Lambaréné,61,Coiffeur(se),94793,2,moov
744,Nicolas Boyer,Moanda,21,Vendeur(se) au marché,116863,33,moov
745,Olivie Delattre-Pascal,Mouila,60,Chauffeur de taxi,75605,58,airtel
746,Christiane du Berger,Oyem,44,Couturier(ère),161735,44,gimac
747,François-Jacques Jourdan,Franceville,31,Chauffeur de taxi,185127,35,gimac
748,Maurice Lemaître,Franceville,37,Agriculteur(trice),122142,56,airtel
749,René Ramos,Franceville,59,Petit éleveur,44753,50,airtel
750,André Le Hoareau,Port-Gentil,29,Coiffeur(se),64577,47,airtel
751,Alice Legrand de la Samson,Mouila,44,Vendeur(se) au marché,267391,57,moov
752,Gabrielle-Valentine Guillaume,Moanda,27,Couturier(ère),407534,41,airtel
753,Madeleine Garcia,Oyem,32,Commerçant(e),130668,39,moov
754,Étienne de Letellier,Mouila,49,Restaurateur(trice),90061,12,airtel
755,Jacqueline Grenier,Libreville,35,Mécanicien(ne),63115,27,airtel
756,Emmanuelle Chauvin de la Courtois,Tchibanga,57,Restaurateur(trice),131153,60,gimac
757,Lorraine Gillet,Mouila,43,Commerçant(e),70808,16,gimac
758,Martine Le Gall,Mouila,57,Petit éleveur,145937,21,gimac
759,Jules-Pierre Mahe,Libreville,51,Artisan(e),109511,46,moov
760,Capucine Mace,Oyem,51,Agriculteur(trice),68669,57,moov
761,Margaud Martins,Oyem,36,Restaurateur(trice),60262,4,moov
762,Margaux Pasquier,Libreville,62,Agriculteur(trice),75782,19,airtel
763,Roland Louis,Port-Gentil,29,Petit éleveur,88793,6,gimac
764,Alain Bertin,Tchibanga,19,Chauffeur de taxi,106798,21,moov
765,Patricia Collet-Brunet,Tchibanga,23,Vendeur(se) au marché,136421,13,moov
766,Jacques de la Gillet,Port-Gentil,25,Restaurateur(trice),291744,8,gimac
767,Jacqueline-Zoé Dias,Franceville,42,Agriculteur(trice),73404,25,moov
768,Joséphine Ledoux,Franceville,28,Chauffeur de taxi,30000,56,airtel
769,Victoire Jacques,Moanda,58,Chauffeur de taxi,47469,29,airtel
770,Joseph Roy,Tchibanga,33,Couturier(ère),98001,39,gimac
771,Richard Camus,Port-Gentil,56,Petit éleveur,133317,29,airtel
772,Richard Clerc,Oyem,21,Chauffeur de taxi,55242,40,airtel
773,Rémy Fontaine,Libreville,60,Petit éleveur,48848,10,gimac
774,Xavier Rousseau,Franceville,61,Vendeur(se) au marché,44526,12,gimac
775,Lucas Dos Santos,Franceville,47,Petit éleveur,171417,37,moov
776,Arthur Neveu-Fernandes,Port-Gentil,45,Agriculteur(trice),71169,25,airtel
777,Franck Bodin,Moanda,39,Agriculteur(trice),77157,45,moov
778,Michelle Lopez,Libreville,24,Petit éleveur,107302,40,gimac
779,Valérie Delmas du Durand,Moanda,45,Petit éleveur,164253,46,moov
780,René Courtois,Lambaréné,26,Petit éleveur,55144,40,gimac
781,Agathe Durand,Tchibanga,29,Petit éleveur,97373,32,airtel
782,Laure Le Durand,Oyem,57,Mécanicien(ne),114279,55,moov
783,Philippine de la Gautier,Oyem,18,Couturier(ère),48081,52,gimac
784,Rémy Gérard,Moanda,50,Agriculteur(trice),33814,20,moov
785,Étienne Legendre-Laine,Lambaréné,43,Petit éleveur,134614,22,gimac
786,Joseph-Grégoire Chauvin,Libreville,59,Chauffeur de taxi,227397,31,moov
787,Julien Lebon,Lambaréné,47,Mécanicien(ne),51142,56,gimac
788,Jacqueline Grenier,Lambaréné,53,Agriculteur(trice),38017,37,airtel
789,Henri Pottier-Faure,Lambaréné,22,Chauffeur de taxi,37994,52,moov
790,Benjamin Lebon,Franceville,54,Petit éleveur,167833,25,moov
791,Michelle Courtois,Moanda,63,Coiffeur(se),68572,51,gimac
792,Andrée Diaz,Oyem,41,Restaurateur(trice),43368,32,moov
793,Émile Perez,Lambaréné,20,Couturier(ère),64939,8,airtel
794,Renée Imbert,Franceville,30,Coiffeur(se),93027,31,moov
795,Brigitte Evrard,Lambaréné,27,Artisan(e),163120,50,gimac
796,Gabriel Lecomte,Libreville,47,Mécanicien(ne),121750,47,gimac
797,Thérèse-Laetitia Lambert,Port-Gentil,39,Restaurateur(trice),80537,55,airtel
798,Zacharie Guyot,Lambaréné,30,Couturier(ère),206227,14,moov
799,Alexandria Colin-Gomes,Port-Gentil,35,Chauffeur de taxi,70427,29,airtel
800,François Coste,Lambaréné,53,Coiffeur(se),128081,14,moov
801,Louis Garnier,Oyem,28,Artisan(e),30000,19,moov
802,Édouard Thibault de la Duhamel,Libreville,26,Commerçant(e),117748,29,moov
803,Margot Jacob,Franceville,63,Petit éleveur,86586,26,gimac
804,Augustin Charrier,Lambaréné,37,Coiffeur(se),151761,29,airtel
805,Anastasie Perrin,Port-Gentil,47,Petit éleveur,192108,35,airtel
806,Hortense Sanchez,Tchibanga,48,Couturier(ère),123802,20,airtel
807,Nicole Becker,Lambaréné,38,Restaurateur(trice),66753,12,moov
808,Alix Couturier,Tchibanga,47,Chauffeur de taxi,39279,23,moov
809,Maurice-Patrick Dumas,Port-Gentil,43,Artisan(e),198239,9,moov
810,Michelle Lesage,Tchibanga,43,Petit éleveur,105051,20,moov
811,Zacharie Mary,Tchibanga,42,Artisan(e),69162,11,moov
812,Aurélie Leleu,Mouila,54,Coiffeur(se),36989,28,gimac
813,Lucie Hoarau de Perez,Port-Gentil,65,Petit éleveur,125699,43,moov
814,Denis-Laurent Mendès,Port-Gentil,46,Chauffeur de taxi,36944,21,moov
815,Léon Prévost,Libreville,23,Couturier(ère),154769,32,airtel
816,Catherine Robin,Moanda,42,Petit éleveur,64382,35,gimac
817,Honoré Hebert,Lambaréné,37,Petit éleveur,92182,57,gimac
818,Laetitia Henry,Mouila,26,Vendeur(se) au marché,82783,1,airtel
819,Benjamin Lemoine,Libreville,63,Agriculteur(trice),73247,4,moov
820,Sophie Pascal,Oyem,45,Petit éleveur,56404,2,moov
821,Odette Henry-Michel,Mouila,45,Agriculteur(trice),154379,26,airtel
822,Joseph Lenoir,Mouila,41,Mécanicien(ne),135739,13,airtel
823,Théophile Joseph,Franceville,18,Artisan(e),30000,9,gimac
824,Nathalie Richard,Port-Gentil,26,Mécanicien(ne),96345,9,moov
825,Lucas Chevallier de Pages,Mouila,53,Restaurateur(trice),319862,30,moov
826,Jacqueline Masse-Dijoux,Libreville,54,Restaurateur(trice),82213,39,gimac
827,Zacharie Gillet,Lambaréné,20,Commerçant(e),57307,27,gimac
828,Daniel Royer,Tchibanga,62,Artisan(e),96059,38,airtel
829,Grégoire Teixeira de la Andre,Moanda,47,Agriculteur(trice),162802,55,airtel
830,Martin Baron,Tchibanga,58,Artisan(e),104993,16,gimac
831,Lucy Guillet,Libreville,39,Agriculteur(trice),195155,20,airtel
832,Jules Deschamps,Lambaréné,44,Coiffeur(se),92433,31,moov
833,Thomas Costa-Valentin,Moanda,64,Petit éleveur,78832,60,moov
834,Élodie Albert de Dufour,Libreville,60,Vendeur(se) au marché,41903,11,gimac
835,Adrien Delaunay Le Legendre,Franceville,50,Artisan(e),118116,6,moov
836,Margot Besnard,Moanda,18,Artisan(e),50803,18,gimac
837,Philippine Gilles,Tchibanga,41,Chauffeur de taxi,43458,10,moov
838,Christiane Ribeiro Le Marion,Libreville,39,Artisan(e),144457,12,airtel
839,Olivier Le Schmitt,Tchibanga,44,Mécanicien(ne),171381,54,airtel
840,Margaud Klein,Oyem,54,Coiffeur(se),180514,11,airtel
841,Jacqueline Germain,Libreville,28,Restaurateur(trice),179667,8,moov
842,Laurence Carlier,Oyem,42,Mécanicien(ne),94210,49,moov
843,Céline Thibault,Libreville,36,Restaurateur(trice),58668,28,moov
844,Théodore de la Normand,Lambaréné,45,Petit éleveur,120125,59,gimac
845,Alexandrie Petitjean-Pinto,Port-Gentil,34,Petit éleveur,171897,18,moov
846,Matthieu Le Jacquot,Oyem,51,Coiffeur(se),87265,16,gimac
847,Lucas Maillet,Libreville,61,Commerçant(e),125345,36,airtel
848,Christine Couturier,Moanda,34,Couturier(ère),47294,15,airtel
849,Georges Fleury de la Auger,Port-Gentil,56,Chauffeur de taxi,160632,8,moov
850,Michelle Legrand,Franceville,25,Chauffeur de taxi,492940,37,moov
851,Valentine Guillon,Tchibanga,35,Mécanicien(ne),52955,5,gimac
852,Claude Jacquot,Moanda,21,Mécanicien(ne),79466,5,moov
853,Alex Alves,Moanda,29,Restaurateur(trice),82186,53,airtel
854,Aurélie Nicolas-Lecoq,Mouila,29,Restaurateur(trice),87612,40,airtel
855,Vincent Chartier-Monnier,Tchibanga,63,Vendeur(se) au marché,43794,59,airtel
856,Tristan Raymond,Tchibanga,27,Commerçant(e),282494,2,airtel
857,Roland Imbert,Lambaréné,43,Petit éleveur,124364,45,airtel
858,Margot Perret,Tchibanga,45,Mécanicien(ne),128477,32,gimac
859,Aimé Perrin,Oyem,18,Mécanicien(ne),379793,35,gimac
860,Frédéric-Pierre Letellier,Lambaréné,39,Vendeur(se) au marché,185708,37,moov
861,Geneviève du Besson,Lambaréné,23,Restaurateur(trice),125308,55,moov
862,Susan Leleu,Mouila,60,Couturier(ère),118747,3,moov
863,Camille-Clémence Barre,Tchibanga,65,Couturier(ère),121762,6,airtel
864,Olivier Duval,Moanda,49,Agriculteur(trice),56816,42,moov
865,Marc Clément de Chauveau,Libreville,43,Artisan(e),76896,47,airtel
866,Jérôme Langlois,Franceville,65,Petit éleveur,255294,30,airtel
867,Susanne Leclerc,Libreville,33,Chauffeur de taxi,34005,31,airtel
868,Valérie Le Ollivier,Franceville,55,Artisan(e),37749,30,airtel
869,Matthieu Mace,Oyem,22,Couturier(ère),37029,40,moov
870,Margaud Mercier,Mouila,38,Artisan(e),35587,48,gimac
871,Alphonse Lacombe de Simon,Oyem,20,Petit éleveur,108081,54,airtel
872,Catherine Labbé,Mouila,28,Coiffeur(se),81424,10,gimac
873,Gérard Blondel,Libreville,26,Artisan(e),62574,38,gimac
874,Robert Leroux,Tchibanga,23,Commerçant(e),166133,2,airtel
875,Pénélope Pinto,Moanda,44,Restaurateur(trice),68714,42,gimac
876,Luc Lombard-Gonzalez,Tchibanga,44,Couturier(ère),63058,18,airtel
877,Timothée Descamps,Tchibanga,57,Artisan(e),111104,12,gimac
878,Nicole Leroy,Libreville,53,Couturier(ère),159676,27,airtel
879,Élodie Lebreton du Perrier,Lambaréné,52,Agriculteur(trice),42700,7,airtel
880,Franck Leclerc,Moanda,21,Couturier(ère),89446,14,airtel
881,Arthur-Sébastien Henry,Tchibanga,49,Chauffeur de taxi,260402,59,airtel
882,Éléonore Poulain-Germain,Lambaréné,36,Couturier(ère),118541,42,moov
883,Michel de Charles,Tchibanga,20,Artisan(e),50622,57,gimac
884,Margaux Godard,Libreville,49,Agriculteur(trice),36470,11,airtel
885,Nathalie Coste,Lambaréné,44,Couturier(ère),55401,29,gimac
886,Jérôme Benard,Port-Gentil,38,Couturier(ère),129308,50,airtel
887,Diane Maillet,Mouila,32,Artisan(e),62277,13,moov
888,Thibault Maury de Maillet,Franceville,31,Petit éleveur,108295,28,moov
889,Hugues Lemaire,Oyem,58,Coiffeur(se),58167,30,moov
890,Honoré Ferreira-Vidal,Libreville,35,Chauffeur de taxi,69480,45,airtel
891,Claire Gros,Lambaréné,32,Vendeur(se) au marché,192632,11,gimac
892,Paulette Godard,Port-Gentil,44,Agriculteur(trice),118159,15,moov
893,Sébastien Jacob,Tchibanga,35,Commerçant(e),158863,31,gimac
894,Éléonore Coulon,Lambaréné,45,Petit éleveur,55225,16,airtel
895,Diane Berthelot-Brun,Libreville,44,Commerçant(e),265123,10,airtel
896,Louise Joly,Tchibanga,62,Artisan(e),99464,26,moov
897,Hugues Lebreton,Libreville,62,Mécanicien(ne),98194,49,airtel
898,Anastasie Pelletier de Vallée,Port-Gentil,19,Restaurateur(trice),57707,42,gimac
899,Étienne Jacob,Libreville,47,Restaurateur(trice),50157,55,airtel
900,Claude Guibert-Costa,Lambaréné,58,Restaurateur(trice),188666,51,gimac
901,Victoire Legros,Mouila,62,Coiffeur(se),263945,5,gimac
902,Victoire Brun,Oyem,61,Artisan(e),42710,18,gimac
903,Roland Martinez,Mouila,41,Restaurateur(trice),491295,8,gimac
904,William David-Paris,Port-Gentil,53,Couturier(ère),46821,42,airtel
905,René Hervé-Roy,Oyem,65,Couturier(ère),46039,49,moov
906,Virginie Dias,Mouila,35,Commerçant(e),80263,44,airtel
907,Cécile de Royer,Port-Gentil,48,Agriculteur(trice),77724,33,gimac
908,Mathilde Allard-Boulay,Port-Gentil,30,Restaurateur(trice),91287,44,airtel
909,Matthieu Morvan,Franceville,49,Chauffeur de taxi,56651,45,airtel
910,Marcel de Guyon,Mouila,61,Agriculteur(trice),104519,19,airtel
911,Henri David-Lebreton,Libreville,36,Couturier(ère),94247,48,airtel
912,Jérôme-Benjamin Navarro,Mouila,55,Coiffeur(se),202338,22,gimac
913,Georges Lacroix,Tchibanga,47,Vendeur(se) au marché,123395,38,gimac
914,Marine-Pénélope Gaillard,Lambaréné,36,Commerçant(e),62529,31,airtel
915,Christine Leclerc de la Lopez,Franceville,63,Agriculteur(trice),74766,11,moov
916,Marine-Laurence Godard,Franceville,28,Couturier(ère),66398,46,airtel
917,Denise Breton-Fischer,Tchibanga,34,Coiffeur(se),49457,9,airtel
918,William Baudry Le Buisson,Lambaréné,40,Chauffeur de taxi,35021,43,moov
919,Daniel Hamel,Moanda,25,Commerçant(e),30000,35,moov
920,Anne Baron,Moanda,48,Vendeur(se) au marché,108708,42,gimac
921,Christophe Menard,Tchibanga,39,Artisan(e),232602,47,gimac
922,Isaac Hoarau,Port-Gentil,37,Commerçant(e),96515,44,moov
923,Victoire Blanchard,Port-Gentil,38,Commerçant(e),115284,23,gimac
924,Juliette-Patricia Mallet,Moanda,30,Commerçant(e),139968,15,airtel
925,Astrid Couturier,Port-Gentil,50,Mécanicien(ne),106011,43,airtel
926,Luc Buisson,Libreville,60,Coiffeur(se),96304,33,moov
927,Julien-Michel Coulon,Lambaréné,40,Vendeur(se) au marché,79700,19,moov
928,Adélaïde Becker,Tchibanga,36,Chauffeur de taxi,150540,27,gimac
929,Michel Bousquet,Mouila,26,Petit éleveur,228729,58,gimac
930,Anouk Joubert,Lambaréné,22,Petit éleveur,57652,31,moov
931,Gabrielle Gilbert,Moanda,44,Chauffeur de taxi,48178,59,gimac
932,Paul Le Breton,Franceville,30,Chauffeur de taxi,90197,59,moov
933,Jean Lévy de la Moreno,Moanda,55,Vendeur(se) au marché,64511,53,moov
934,Marianne Normand,Libreville,27,Vendeur(se) au marché,110605,2,moov
935,Alphonse Perrin,Moanda,44,Chauffeur de taxi,90976,58,moov
936,Agnès Denis,Port-Gentil,35,Restaurateur(trice),320866,2,airtel
937,Matthieu Pineau,Mouila,34,Restaurateur(trice),115784,31,gimac
938,Marcel Renaud,Libreville,34,Chauffeur de taxi,166487,47,gimac
939,Victor Hernandez,Franceville,40,Chauffeur de taxi,50616,57,airtel
940,Guillaume Morin,Lambaréné,21,Vendeur(se) au marché,65966,59,moov
941,Jeannine Perez,Oyem,58,Chauffeur de taxi,159313,33,airtel
942,Danielle Roux,Lambaréné,61,Vendeur(se) au marché,111531,21,moov
943,Manon Pages,Lambaréné,27,Commerçant(e),182130,7,airtel
944,Marcel Bègue-Robin,Mouila,39,Chauffeur de taxi,101704,32,airtel
945,Adrien Benoit,Oyem,53,Petit éleveur,55009,54,gimac
946,Astrid Payet,Port-Gentil,44,Restaurateur(trice),202634,35,airtel
947,Hélène-Simone Petit,Lambaréné,26,Restaurateur(trice),46066,45,gimac
948,Jean Mathieu,Moanda,19,Artisan(e),218875,12,airtel
949,Christelle Martel,Oyem,37,Chauffeur de taxi,30000,45,airtel
950,Gabriel Jacob,Libreville,48,Mécanicien(ne),245104,5,airtel
951,Bernard Henry,Port-Gentil,34,Commerçant(e),147899,31,airtel
952,Michèle Ribeiro,Franceville,60,Coiffeur(se),127270,13,airtel
953,Laurent Becker,Oyem,50,Petit éleveur,81913,33,airtel
954,Tristan Labbé,Oyem,63,Couturier(ère),37117,1,moov
955,Arthur Laporte,Port-Gentil,31,Agriculteur(trice),30000,1,gimac
956,Adrienne-Danielle Besnard,Tchibanga,61,Artisan(e),90561,12,airtel
957,Frédérique Techer,Port-Gentil,38,Artisan(e),84048,27,moov
958,Lucas Chauvet,Libreville,23,Coiffeur(se),246297,36,moov
959,Gabrielle Fernandez,Moanda,61,Restaurateur(trice),56832,39,airtel
960,Daniel Chrétien,Mouila,30,Artisan(e),106748,55,moov
961,Théodore Chauveau,Tchibanga,61,Artisan(e),201689,1,moov
962,Marine Gilbert,Port-Gentil,27,Mécanicien(ne),81901,6,moov
963,Christine Hoarau,Lambaréné,30,Petit éleveur,57762,13,moov
964,Tristan-Augustin Menard,Moanda,59,Mécanicien(ne),136119,46,moov
965,Lorraine Merle-Blot,Tchibanga,50,Vendeur(se) au marché,92716,26,airtel
966,Vincent Hernandez,Tchibanga,49,Couturier(ère),134493,17,gimac
967,Raymond de la Letellier,Libreville,29,Mécanicien(ne),417681,32,gimac
968,Lucie Imbert,Port-Gentil,22,Agriculteur(trice),122726,40,moov
969,Georges Costa,Tchibanga,49,Agriculteur(trice),143997,43,moov
970,Cécile Guillot,Libreville,20,Mécanicien(ne),124154,35,airtel
971,Arnaude Evrard,Tchibanga,47,Commerçant(e),82888,25,airtel
972,Jules Prévost,Moanda,63,Chauffeur de taxi,37176,50,moov
973,Léon Colas,Tchibanga,25,Petit éleveur,88984,25,gimac
974,Mathilde Morvan,Tchibanga,48,Agriculteur(trice),96587,35,airtel
975,Noël Pires,Mouila,57,Coiffeur(se),99838,32,moov
976,Alain Coste,Franceville,41,Coiffeur(se),81623,3,gimac
977,Aimé Charles,Lambaréné,42,Artisan(e),142640,41,moov
978,Alphonse de Chauvin,Libreville,60,Couturier(ère),77030,23,airtel
979,Louise du Briand,Port-Gentil,37,Artisan(e),66364,6,moov
980,Aurélie Riou,Tchibanga,60,Mécanicien(ne),47269,3,gimac
981,Colette Lopes-Perez,Tchibanga,55,Commerçant(e),101341,2,moov
982,Augustin Gros de la Meyer,Port-Gentil,49,Artisan(e),80305,37,gimac
983,Marguerite Michaud-Coste,Lambaréné,28,Petit éleveur,129500,33,moov
984,Honoré Rocher,Port-Gentil,52,Couturier(ère),76924,32,moov
985,Isabelle Boyer,Mouila,32,Petit éleveur,69981,37,gimac
986,Benjamin Gay-Ferreira,Port-Gentil,54,Agriculteur(trice),120234,18,moov
987,Andrée Ruiz,Moanda,50,Vendeur(se) au marché,87995,5,moov
988,Charles Richard,Mouila,34,Petit éleveur,126125,27,gimac
989,Aimé Goncalves,Libreville,58,Agriculteur(trice),80538,12,airtel
990,Marie Barbe,Tchibanga,35,Agriculteur(trice),109152,53,gimac
991,Josette de la Guichard,Franceville,33,Chauffeur de taxi,56008,30,gimac
992,Grégoire Peron,Mouila,38,Artisan(e),129649,28,gimac
993,Alexandre Daniel,Moanda,59,Chauffeur de taxi,58728,53,moov
994,Laetitia Hardy,Port-Gentil,27,Couturier(ère),126980,16,airtel
995,Gilles Mendès,Tchibanga,53,Mécanicien(ne),30000,30,moov
996,Astrid-Zoé Pineau,Moanda,26,Commerçant(e),115501,11,moov
997,Maryse de Didier,Franceville,59,Commerçant(e),149169,36,gimac
998,Danielle-Michèle Barbier,Port-Gentil,38,Petit éleveur,97258,56,moov
999,Bernard-Sébastien Parent,Port-Gentil,43,Chauffeur de taxi,84934,43,airtel
1000,Gabriel Traore,Moanda,49,Artisan(e),250745,54,airtel
